id,priority,phase,area,title,description,acceptance_criteria,test_mcp,review_initial_requirements,review_regression_requirements,dev_state,review_initial_state,review_regression_state,git_state,owner,refs,notes
FWD-01-01,P0,1,infra,初始化 Electron 工程与安全基线,创建 Electron+Vite+React+TS 的 main/preload/renderer 分层骨架，并默认启用 Electron 安全基线配置。,"SHALL implement Electron security baseline (`contextIsolation=true`, `nodeIntegration=false`); ref: openspec/project.md:29; App can start in dev mode and render Workspace shell; ref: openspec/changes/add-flowith-web-desktop-mvp/tasks.md:3; Web embedding has no Node integration; ref: openspec/changes/add-flowith-web-desktop-mvp/design.md:33",MANUAL,检查 Electron 安全开关默认安全（隔离/禁用 Node/最小 IPC）；ref: openspec/project.md:29,回归：dev 与打包态均保持安全开关一致；ref: openspec/project.md:29,已完成,已完成,已完成,已提交,,openspec/changes/add-flowith-web-desktop-mvp/tasks.md:3; openspec/project.md:29; openspec/changes/add-flowith-web-desktop-mvp/design.md:30,启动/打包脚本命令以实现阶段最终 package.json 为准。; picked_reason:P0 基础工程与安全基线是后续 IPC/UI/存储/打包的前置依赖; validation_limited:headless 环境下 electron 窗口渲染/退出未能稳定验证（xvfb-run 下 SIGINT/timeout 触发 Electron shutdown fatal）; manual_test:npm install; npm run dev; 确认窗口出现 Workspace 文案且可正常退出; evidence:npm run typecheck(OK); npm run build(OK); electron-vite dev 可构建 main/preload/renderer 并尝试启动; risk:medium 需在真实桌面环境完成一次 dev 启动/退出确认; done_at:2026-01-22; blocked:git commit failed missing user.name/user.email; unblocked:configured local git identity (user.name/user.email)
FWD-01-02,P1,1,frontend,落地 Workspace 单页 UI 骨架（对齐 Demo）,按 Demo UI 复刻 Topbar/Sidebar/Tabs/Inspector/Dialog 的结构与交互，保证布局不溢出、不遮挡、核心控件可点击。,WHEN the user opens the app → THEN UI shows Topbar/Sidebar/Tabs/Inspector/Import-Export dialogs; ref: openspec/changes/add-flowith-web-desktop-mvp/specs/ui-shell/spec.md:6; GIVEN sidebar collapsed → WHEN re-open → THEN control exists; ref: openspec/changes/add-flowith-web-desktop-mvp/specs/ui-shell/spec.md:15; Workspace is default primary screen; ref: openspec/changes/add-flowith-web-desktop-mvp/specs/ui-shell/spec.md:20,MANUAL,核对 DOM 结构/交互与 Demo 一致（折叠后仍可展开）；ref: openspec/changes/add-flowith-web-desktop-mvp/specs/ui-shell/spec.md:3,回归：窗口 resize/侧边栏折叠不导致错位或遮挡；ref: openspec/changes/add-flowith-web-desktop-mvp/specs/web-workspaces/spec.md:23,已完成,已完成,已完成,已提交,,openspec/changes/add-flowith-web-desktop-mvp/tasks.md:4; openspec/changes/add-flowith-web-desktop-mvp/specs/ui-shell/spec.md:3; docs/ui-demo-flowith-web-account-manager.html:1; src/renderer/src/WorkspaceShell.tsx:1; src/renderer/src/styles.css:1; src/renderer/src/main.tsx:1,UI 以 Demo 为唯一基准，避免重新设计。; picked_reason:需要将现有功能嵌入到 Topbar/Sidebar/Tabs/Inspector/Dialog 结构中，作为后续迭代 UI 载体; evidence:npm run lint(OK); npm run typecheck(OK); npm run build(OK); validation_limited:headless 环境下无法稳定完成 Electron UI 交互冒烟（xvfb-run 下 Electron shutdown fatal）; manual_test:npm install; npm run dev; 检查 Topbar/Sidebar/Tabs/Inspector/Import-Export dialogs 均可打开且折叠后仍可展开；打开 Tab 后 BrowserView 仅覆盖 viewport 区域，resize/折叠不遮挡控件; risk:medium 需在真实桌面环境完成一次 UI 冒烟（含 BrowserView 覆盖范围）; done_at:2026-01-22
FWD-01-03,P0,1,both,设计并实现最小化 IPC（workspace/accounts/preferences）,在 preload 暴露最小 API，满足 Workspace tabs 与账号导入/导出/偏好设置需求，并确保 renderer 不接触明文 token（导出场景除外）。,IPC API is minimal and typed; renderer SHALL NOT handle plaintext refresh_token except explicit export flow; ref: openspec/project.md:25; Preload exposes workspace methods (open/close/activate/setViewportBounds/reload) without returning tokens; ref: openspec/changes/add-flowith-web-desktop-mvp/design.md:35,AUTOE2E,审查 IPC：channel 白名单、入参校验、无 token 明文回传；ref: openspec/project.md:25,回归：导入/导出/打开 Tab 全链路无敏感信息泄露；ref: openspec/project.md:48,已完成,已完成,已完成,已提交,,openspec/changes/add-flowith-web-desktop-mvp/tasks.md:5; openspec/changes/add-flowith-web-desktop-mvp/design.md:35; openspec/project.md:25; src/preload/index.ts:1; src/main/ipc.ts:1; src/shared/ipc.ts:1,IPC 返回的错误信息必须脱敏与截断（禁止包含 token）。; picked_reason:P0 IPC 是 renderer/main 解耦与后续导入/导出/Workspace 的共同前置; validation_limited:AUTOE2E 未落地（暂无 e2e harness），仅做 typecheck/build 级别验证; manual_test:npm run dev; 在 Workspace UI 中通过 window.desktop 调用 workspace/accounts/preferences 方法，确认无 Node/无 token 回传; evidence:npm run typecheck(OK); npm run build(OK); IPC channel 白名单+入参校验已实现; risk:medium 后续导入/导出实现需持续审查 token 脱敏; done_at:2026-01-22
FWD-01-04,P0,1,backend,实现账号存储（加密 refresh_token + displayName/tags + net/UA）,实现本地账号 vault：refresh_token 加密持久化；支持 displayName/tags 与 per-account proxy/UA 配置；Linux 加密不可用时禁止明文落盘。,SHALL support displayName and tags; ref: openspec/changes/add-flowith-web-desktop-mvp/specs/accounts-vault/spec.md:22; GIVEN safeStorage unavailable → THEN refresh_token is not persisted and user is informed; ref: openspec/changes/add-flowith-web-desktop-mvp/specs/accounts-vault/spec.md:43; refresh_token persistence must be encrypted; ref: openspec/changes/add-flowith-web-desktop-mvp/design.md:57,AUTOSERVER,审查加密与降级策略：safeStorage 不可用时禁用持久化而非明文；ref: openspec/changes/add-flowith-web-desktop-mvp/specs/accounts-vault/spec.md:40,回归：重启后账号元信息仍在；Linux 环境提示清晰且不落盘 token；ref: openspec/changes/add-flowith-web-desktop-mvp/specs/accounts-vault/spec.md:43,已完成,已完成,已完成,已提交,,openspec/changes/add-flowith-web-desktop-mvp/tasks.md:6; openspec/changes/add-flowith-web-desktop-mvp/specs/accounts-vault/spec.md:40; openspec/changes/add-flowith-web-desktop-mvp/design.md:57; src/main/accounts/vault.ts:1; src/main/ipc.ts:1,数据结构需预留 schema 演进（字段可选/默认值），避免后续破坏性迁移。; picked_reason:P0 账号 vault 是导入/导出/登录态注入与多账号隔离的持久化基础; validation_limited:当前环境 safeStorage.isEncryptionAvailable=false，无法验证加密持久化；仅验证降级路径（不落盘 token）+ typecheck/build; manual_test:(Windows) npm run dev; 导入 token 后重启确认 token 仍可用；(Linux 无加密) 导入后重启需重新导入且 UI 有提示; evidence:xvfb-run npx electron /tmp/fwd-safestorage-check.js 输出 isEncryptionAvailable=false；npm run typecheck/build(OK)；Vault schema version=1; risk:medium 需在 Windows/macOS 真实环境验证加密持久化与重启行为; done_at:2026-01-22
FWD-01-05,P0,1,both,实现 token 导入（一行一个 refresh_token，逐条校验）,支持粘贴多行 refresh_token（每行一个），逐条用 Supabase refresh 校验并入库；任何失败信息必须脱敏。,GIVEN user pastes N lines → WHEN import → THEN validate each token via Supabase refresh and show accounts with masked fingerprints; ref: openspec/changes/add-flowith-web-desktop-mvp/specs/accounts-vault/spec.md:6; logs do not contain plaintext tokens; ref: openspec/changes/add-flowith-web-desktop-mvp/specs/accounts-vault/spec.md:11,MANUAL,审查导入：逐行解析、忽略空行、错误脱敏、UI/日志不显示 token；ref: openspec/changes/add-flowith-web-desktop-mvp/specs/accounts-vault/spec.md:3,回归：混合成功/失败时不泄露 token，且不会污染已导入账号；ref: openspec/changes/add-flowith-web-desktop-mvp/proposal.md:51,已完成,已完成,已完成,已提交,,openspec/changes/add-flowith-web-desktop-mvp/tasks.md:7; openspec/changes/add-flowith-web-desktop-mvp/specs/accounts-vault/spec.md:3; openspec/changes/add-flowith-web-desktop-mvp/proposal.md:51; src/main/accounts/import.ts:1; src/main/flowith/supabase.ts:1; src/main/security/redact.ts:1; src/main/ipc.ts:1; src/main/accounts/vault.ts:1; src/shared/ipc.ts:1,"依赖 Supabase 网络可达；代理模式可能影响导入校验。; picked_reason:P0 token 导入是账号入库与后续登录态注入的核心入口; validation_limited:缺少 FLOWITH_SUPABASE_URL/FLOWITH_SUPABASE_ANON_KEY 与真实 refresh_token，无法在当前环境验证 Supabase refresh 校验链路; manual_test:设置 FLOWITH_SUPABASE_URL/FLOWITH_SUPABASE_ANON_KEY 后，调用 window.desktop.accounts.importRefreshTokens(""<token>\n<token>"")，应逐条校验并入库；错误仅含行号/指纹且无明文 token; evidence:实现逐行解析+忽略空行；import 内部对 Supabase error message 做截断/脱敏；npm run typecheck/build(OK); risk:medium 需在真实网络/代理环境下验证 Supabase 可达性与混合成功/失败不污染账号列表; done_at:2026-01-22"
FWD-01-06,P0,1,both,实现 token 导出（仅选中账号，每行一个）,提供显式导出动作，只导出选中账号的 refresh_token（每行一个），默认不自动复制，且禁止写入日志。,GIVEN user selects 2 accounts → WHEN Export → THEN output contains exactly 2 lines and no unselected token; ref: openspec/changes/add-flowith-web-desktop-mvp/specs/accounts-vault/spec.md:16; SHALL export ONLY after explicit user action and SHALL NOT log plaintext tokens; ref: openspec/changes/add-flowith-web-desktop-mvp/specs/accounts-vault/spec.md:13,AUTOSERVER,审查导出：只在用户显式触发时输出明文 token，且 UI 有敏感提示；ref: openspec/changes/add-flowith-web-desktop-mvp/specs/accounts-vault/spec.md:13,回归：导出不会包含未选中账号；导出内容格式稳定（每行一个）；ref: openspec/changes/add-flowith-web-desktop-mvp/specs/accounts-vault/spec.md:16,已完成,已完成,已完成,已提交,,openspec/changes/add-flowith-web-desktop-mvp/tasks.md:8; openspec/changes/add-flowith-web-desktop-mvp/specs/accounts-vault/spec.md:13; src/main/ipc.ts:1; src/renderer/src/App.tsx:1; src/main/accounts/vault.ts:1,"导出属于高敏操作：默认不自动复制到剪贴板（如需复制应再次确认）。; picked_reason:P0 token 导出是高敏闭环能力，需与 vault/IPC 保持最小暴露面; validation_limited:缺少可用 refresh_token 与 Supabase 配置，无法验证导出包含正确明文 token；仅验证选择性导出逻辑与 UI 敏感提示; manual_test:导入至少 2 个账号后，在 UI 勾选 2 个账号点击 Export，应输出恰好 2 行；未选中账号不出现；默认不自动复制; evidence:IPC export 仅按选中 accountIds 取 token 并 join(""\n"")；UI export dialog 提示敏感且仅用户点击触发；npm run typecheck/build(OK); risk:medium 需在真实 token 环境验证导出内容与账号选择一致且无日志泄露; done_at:2026-01-22"
FWD-01-07,P1,1,both,实现 WebWorkspaceService（BrowserView + partition + bounds）,按账号创建/复用 BrowserView 与独立 partition，会话隔离；Tab 切换 attach/detach；viewport bounds 随 UI resize。,GIVEN two accounts A/B → WHEN open tabs → THEN each tab preserves independent login state and does not share storage; ref: openspec/changes/add-flowith-web-desktop-mvp/specs/web-workspaces/spec.md:6; WHEN resize/collapse sidebar → THEN web viewport resizes and UI remains clickable; ref: openspec/changes/add-flowith-web-desktop-mvp/specs/web-workspaces/spec.md:23; Implement per-account partition BrowserView lifecycle; ref: openspec/changes/add-flowith-web-desktop-mvp/design.md:19,AUTOE2E,审查会话隔离：partition 命名稳定、生命周期清晰、切换 tab 不丢状态；ref: openspec/changes/add-flowith-web-desktop-mvp/specs/web-workspaces/spec.md:3,回归：窗口 resize/折叠后 bounds 正确；切换 Tab 不破坏布局；ref: openspec/changes/add-flowith-web-desktop-mvp/specs/web-workspaces/spec.md:23,已完成,已完成,已完成,已提交,,openspec/changes/add-flowith-web-desktop-mvp/tasks.md:9; openspec/changes/add-flowith-web-desktop-mvp/specs/web-workspaces/spec.md:3; openspec/changes/add-flowith-web-desktop-mvp/design.md:19; src/main/workspace/WebWorkspaceService.ts:1; src/main/index.ts:1; src/main/ipc.ts:1; src/renderer/src/App.tsx:1,优先 BrowserView，避免开启 webviewTag。; picked_reason:该项是 P0 登录态注入/代理/UA 的前置（需要 partition+BrowserView 生命周期）; validation_limited:AUTOE2E 未落地且缺少可用登录态，未能验证 A/B 登录态隔离；仅验证 partition 命名/BrowserView lifecycle/bounds 更新链路与构建通过; manual_test:导入两个账号后分别 open tab，切换 tab 验证 cookies/localStorage 不串；调整窗口大小/折叠 UI 验证 viewport 不遮挡控件; evidence:BrowserView per-account partition=persist:flowith-web-<accountId>；renderer ResizeObserver 上报 setViewportBounds；npm run typecheck/build(OK); risk:high 登录态注入未实现前无法验证“已登录态隔离”，需结合 FWD-01-10 完整冒烟; done_at:2026-01-22
FWD-01-08,P1,1,both,实现 per-account 代理（system/custom/direct）+ 连通性检测,支持每账号代理模式并应用到对应 partition session；校验输入并拒绝含凭据代理；提供 Flowith/edge/supabase 等连通性检测报告。,GIVEN A custom proxy + B system → WHEN open tabs → THEN A uses custom proxy and B uses system networking; ref: openspec/changes/add-flowith-web-desktop-mvp/specs/network-fingerprints/spec.md:6; WHEN proxy contains username:password@ → THEN reject with user-safe error; ref: openspec/changes/add-flowith-web-desktop-mvp/specs/network-fingerprints/spec.md:16; WHEN run connectivity test → THEN report OK/FAIL+latency; ref: openspec/changes/add-flowith-web-desktop-mvp/specs/network-fingerprints/spec.md:31,AUTOE2E,审查代理安全：禁止凭据型 URL；应用范围仅限该账号 partition；ref: openspec/project.md:51,回归：system/custom/direct 切换互不影响；连通性检测在有效网络配置下准确；ref: openspec/changes/add-flowith-web-desktop-mvp/specs/network-fingerprints/spec.md:3,已完成,已完成,已完成,已提交,,openspec/changes/add-flowith-web-desktop-mvp/tasks.md:10; openspec/changes/add-flowith-web-desktop-mvp/specs/network-fingerprints/spec.md:3; openspec/project.md:51; src/main/network/proxy.ts:1; src/main/network/connectivity.ts:1; src/main/ipc.ts:1; src/main/workspace/WebWorkspaceService.ts:1; src/renderer/src/App.tsx:1,system 模式需兼容系统代理/PAC 与 TUN 场景；direct 用于排障。; picked_reason:代理是国内网络环境刚需，且需严格校验避免凭据落盘/泄露; validation_limited:AUTOE2E 未落地，未能验证真实代理链路；仅实现 per-partition setProxy+凭据校验+session.fetch 连通性测试并通过构建; manual_test:创建两个账号 A/B；A 设置 custom proxyRules，B 保持 system；分别 open tab 验证网络路径不同；输入 username:password@host 应被拒绝；运行 connectivity test 得到 OK/FAIL+延迟; evidence:proxy 校验拒绝凭据型规则；applyProxy 对 partition session 设 system/direct/fixed_servers；connectivity 使用 ses.fetch 统计 latency；npm run typecheck/build(OK); risk:medium 不同平台代理/PAC 行为差异需冒烟覆盖; done_at:2026-01-22
FWD-01-09,P2,1,both,实现 per-account User-Agent（预设 + 自定义）,为每个账号固定一套 UA 配置（可更换），支持预设与自定义，应用到对应 webContents 并在 reload 后生效。,GIVEN account tab open → WHEN change User-Agent and reload → THEN subsequent requests use configured UA; ref: openspec/changes/add-flowith-web-desktop-mvp/specs/network-fingerprints/spec.md:23; Apply UA per-account web session (webContents.setUserAgent); ref: openspec/changes/add-flowith-web-desktop-mvp/design.md:22,AUTOE2E,审查 UA 应用范围：只影响当前账号 tab，不污染其他账号；ref: openspec/changes/add-flowith-web-desktop-mvp/specs/network-fingerprints/spec.md:20,回归：切换账号/重启后 UA 持久化与应用一致；ref: openspec/changes/add-flowith-web-desktop-mvp/proposal.md:24,已完成,已完成,已完成,已提交,,openspec/changes/add-flowith-web-desktop-mvp/tasks.md:11; openspec/changes/add-flowith-web-desktop-mvp/specs/network-fingerprints/spec.md:20; openspec/changes/add-flowith-web-desktop-mvp/proposal.md:24; src/main/network/userAgent.ts:1; src/main/workspace/WebWorkspaceService.ts:1; src/main/ipc.ts:1; src/renderer/src/App.tsx:1; src/shared/ipc.ts:1,不做高级指纹；仅 UA 与代理（Non-goal）。; picked_reason:UA 配置影响登录/风控与请求指纹，需按账号隔离并可回滚; validation_limited:AUTOE2E 未落地且未抓包验证 UA 生效；仅实现 per-account UA 存储/校验与在 BrowserView 创建时 setUserAgent; manual_test:对账号设置 custom UA 后 reload tab；在网页侧通过请求头或 server 侧日志验证 UA 已变化；多账号互不影响; evidence:validateUaConfig 限制单行/长度；resolveUserAgent 应用到对应 BrowserView；npm run typecheck/lint(OK); risk:medium Flowith Web 可能对 UA 有兼容性要求，需冒烟; done_at:2026-01-22
FWD-01-10,P0,1,both,实现 token 驱动的 Web 登录态注入（refresh_token → session → partition）,打开账号 Tab 时用 refresh_token 刷新 session，并把登录态注入到该账号 partition 存储后 reload，最终进入已登录态。,GIVEN account has valid refresh_token → WHEN open Flowith Web tab → THEN page finishes loading in logged-in state; ref: openspec/changes/add-flowith-web-desktop-mvp/specs/web-workspaces/spec.md:15; Login bootstrap uses refresh_token without password/OAuth; ref: openspec/changes/add-flowith-web-desktop-mvp/specs/web-workspaces/spec.md:12; Refresh session and inject into partition storage then reload; ref: openspec/changes/add-flowith-web-desktop-mvp/design.md:25,AUTOE2E,审查注入链路：token 不进入 renderer；失败提示脱敏；不影响其他账号 session；ref: openspec/changes/add-flowith-web-desktop-mvp/proposal.md:51,回归：多账号并行 tab 互不串号；注入失败不污染已登录 tab；ref: openspec/changes/add-flowith-web-desktop-mvp/specs/web-workspaces/spec.md:6,已完成,已完成,已完成,已提交,,openspec/changes/add-flowith-web-desktop-mvp/tasks.md:12; openspec/changes/add-flowith-web-desktop-mvp/specs/web-workspaces/spec.md:12; openspec/changes/add-flowith-web-desktop-mvp/proposal.md:53; src/main/workspace/FlowithLoginBootstrapService.ts:1; src/main/workspace/WebWorkspaceService.ts:1; src/main/ipc.ts:1; src/main/flowith/supabase.ts:1; src/main/accounts/vault.ts:1,待澄清/实测：Flowith Web 的 Supabase token 存储 key/格式可能变化，需要适配策略（risk）；ref: openspec/changes/add-flowith-web-desktop-mvp/proposal.md:53; picked_reason:P0 登录态注入是 MVP 核心（无需密码/OAuth），且需确保 per-partition 不串号; validation_limited:缺少可用 refresh_token + Supabase 配置，且 Flowith Web 的 auth storage key/格式需实测验证；当前仅实现 best-effort 注入并保证 token 不进入 renderer; manual_test:设置 FLOWITH_SUPABASE_URL/FLOWITH_SUPABASE_ANON_KEY，导入账号后 open tab；应先 refreshSession 再写入 partition localStorage(sb-<ref>-auth-token / supabase.auth.token) 并 reload，最终进入已登录态；多账号 tab 切换不串号; evidence:注入链路仅 main 侧持有 token；openTab 触发 refreshSession→inject localStorage→reload；errors 统一脱敏；npm run typecheck/build(OK); risk:high Flowith Web 侧存储 key/格式变化会导致注入失败，需要按实测适配; done_at:2026-01-22
FWD-01-11,P2,1,both,实现账号信息面板（订阅/积分）与刷新,在 Inspector 展示订阅/积分等账号信息并支持刷新；若无可用 API，则先提供占位与后续接入点。,GIVEN account has stored refresh_token → WHEN user triggers Refresh credits → THEN show subscription/credits section and attempt refresh; IF no API is configured/available THEN show placeholder with user-safe message and UI remains stable; Errors are shown as redacted user-safe messages; ref: openspec/changes/add-flowith-web-desktop-mvp/specs/accounts-vault/spec.md:34; ref: openspec/changes/add-flowith-web-desktop-mvp/specs/accounts-vault/spec.md:38,MANUAL,审查数据拉取：不泄露 token；错误脱敏；不可用时降级占位但 UI 不崩；ref: openspec/changes/add-flowith-web-desktop-mvp/specs/accounts-vault/spec.md:31,回归：刷新失败不会覆盖/破坏已有展示；多账号切换时数据不串号；ref: openspec/changes/add-flowith-web-desktop-mvp/design.md:49,已完成,已完成,已完成,已提交,,openspec/changes/add-flowith-web-desktop-mvp/tasks.md:13; openspec/changes/add-flowith-web-desktop-mvp/specs/accounts-vault/spec.md:31; openspec/changes/add-flowith-web-desktop-mvp/design.md:49; src/renderer/src/WorkspaceShell.tsx:620; src/renderer/src/WorkspaceShell.tsx:1206; docs/usage.md:75,可能被外部接口可用性阻塞（Worker/账号信息 API）。; picked_reason:剩余未闭环项仅此一条 且需先落地 Inspector 信息区的降级占位; done_at:2026-01-22; evidence:Inspector 增加账号信息区与刷新按钮占位; npm run lint ok; npm run typecheck ok; npm test 21/21; npm run build ok; validation_limited:headless 环境下无法进行 UI 点击式 smoke; manual_test:npm run dev 后导入账号 打开 Inspector 点击 Refresh credits 期望出现占位提示且不崩溃 且无 token 泄露; risk:low 占位实现不触网不引入协议变更
FWD-01-12,P2,1,frontend,实现主题与 i18n（zh-CN/en）及偏好持久化,支持黑/白主题、中英文切换，并持久化主题/语言/侧边栏折叠/列表视图等 UI 偏好。,GIVEN user switches theme → WHEN app restarts → THEN theme persists; ref: openspec/changes/add-flowith-web-desktop-mvp/specs/ui-preferences/spec.md:6; GIVEN user switches language → WHEN restart → THEN language persists; ref: openspec/changes/add-flowith-web-desktop-mvp/specs/ui-preferences/spec.md:14; GIVEN sidebar collapsed → WHEN restart → THEN remains collapsed; ref: openspec/changes/add-flowith-web-desktop-mvp/specs/ui-preferences/spec.md:22,MANUAL,审查偏好存储：key 稳定、迁移可控；不得把敏感 token 存到 localStorage；ref: openspec/project.md:48,回归：重启后主题/语言/折叠/视图一致；ref: openspec/changes/add-flowith-web-desktop-mvp/specs/ui-preferences/spec.md:19,已完成,已完成,已完成,已提交,,openspec/changes/add-flowith-web-desktop-mvp/tasks.md:14; openspec/changes/add-flowith-web-desktop-mvp/specs/ui-preferences/spec.md:3; openspec/project.md:48; src/renderer/src/WorkspaceShell.tsx:1,UI 文案需与 Demo/使用文档保持一致。; picked_reason:为冒烟 checklist/验证阶段提供主题/语言/布局偏好重启持久化能力，降低后续验收不确定性; evidence:npm run lint(OK); npm run typecheck(OK); npm run build(OK); evidence:localStorage key fwd_ui_preferences_v1 stores theme/locale/sidebarCollapsed/accountListView only; validation_limited:headless 环境下无法稳定完成 Electron UI 重启验证（xvfb-run 下 Electron shutdown fatal）; manual_test:npm run dev; 切换 Theme=Light/Language=English/侧边栏折叠/账号列表视图=Table；重启 app 后应保持一致；确认 localStorage 不包含 token; risk:medium 偏好持久化依赖 renderer localStorage，需在真实桌面环境验证重启保持; done_at:2026-01-22
FWD-02-01,P2,2,backend,补齐单元测试（tags/proxyRules/net 归一化）,为纯逻辑模块补齐不触网的单元测试，覆盖 tags 规范化、代理规则校验、net 配置归一化等。,"Unit tests cover tag normalization, proxy rules validation, and net config normalization without external network; ref: openspec/changes/add-flowith-web-desktop-mvp/tasks.md:17; Tests are repeatable and stable; ref: openspec/project.md:34",AUTOSERVER,审查测试：不依赖外部系统、边界输入覆盖充分；ref: openspec/changes/add-flowith-web-desktop-mvp/tasks.md:17,回归：新增字段/边界场景不会导致测试脆弱或 flaky；ref: openspec/project.md:36,已完成,已完成,已完成,已提交,,openspec/changes/add-flowith-web-desktop-mvp/tasks.md:17; openspec/project.md:34; package.json:1; vitest.config.ts:1; src/shared/tags.ts:1; src/main/network/proxy.ts:1; src/main/network/userAgent.ts:1; src/main/accounts/normalize.ts:1; src/main/ipc.ts:1; src/shared/tags.test.ts:1; src/main/network/proxy.test.ts:1; src/main/network/userAgent.test.ts:1; src/main/accounts/normalize.test.ts:1,测试框架（vitest/jest）与运行命令在实现阶段确定。; picked_reason:纯逻辑单测可在当前环境稳定执行，先补齐以提高后续改动/冒烟验收的可信度; evidence:npm test(OK); npm run lint(OK); npm run typecheck(OK); risk:low 纯逻辑单测不触网且可稳定复现; done_at:2026-01-22
FWD-02-02,P1,2,both,制定并执行冒烟手工 checklist,按既定流程完成一次端到端冒烟：导入→打开 Tab→切换→代理/UA→导出→重启偏好。,Manual smoke covers: import → open tabs → switch tabs → proxy/UA effective → export → restart preferences; ref: openspec/changes/add-flowith-web-desktop-mvp/tasks.md:18; Matches validation plan steps; ref: openspec/changes/add-flowith-web-desktop-mvp/design.md:71,MANUAL,审查 checklist：步骤可复现、覆盖核心风险点（代理/注入/脱敏/重启）；ref: openspec/changes/add-flowith-web-desktop-mvp/design.md:71,回归：每次发布前至少执行一次并记录结果（日志/截图/版本号）；ref: openspec/project.md:35,已完成,已完成,已完成,已提交,,openspec/changes/add-flowith-web-desktop-mvp/tasks.md:18; openspec/changes/add-flowith-web-desktop-mvp/design.md:71; docs/smoke-checklist.md:1; docs/usage.md:1,涉及真实 token/网络环境，执行时注意脱敏，不要把明文 token 写入记录。; picked_reason:先固化可复用的冒烟手工 checklist 作为发布前必跑项与交付证据模板; evidence:added docs/smoke-checklist.md + linked from docs/usage.md; validation_limited:当前环境缺少真实桌面交互与有效 token，无法执行完整端到端冒烟并记录截图/日志; manual_test:按 docs/smoke-checklist.md 执行（导入→Tabs→代理/UA→导出→重启偏好），并记录 PASS/FAIL + 版本号/截图; risk:medium 冒烟执行依赖真实 token/网络/桌面环境，需在发布前补跑; done_at:2026-01-22
FWD-03-01,P2,3,infra,编写使用说明 docs/usage.md（导入/导出/Tabs/代理）,补齐面向用户的使用文档：导入/导出 refresh_token、Workspace Tabs、多账号切换、代理模式说明与常见问题。,"`docs/usage.md` documents import/export, tabbed workspace, and proxy modes system/custom/direct; ref: openspec/changes/add-flowith-web-desktop-mvp/tasks.md:21; Includes default Flowith URL and connectivity expectations; ref: openspec/changes/add-flowith-web-desktop-mvp/proposal.md:21",MANUAL,审查文档：步骤清晰可复现，代理三模式说明准确；ref: openspec/changes/add-flowith-web-desktop-mvp/tasks.md:21,回归：文档与 UI 文案/默认值一致；ref: openspec/changes/add-flowith-web-desktop-mvp/proposal.md:10,已完成,已完成,已完成,已提交,,openspec/changes/add-flowith-web-desktop-mvp/tasks.md:21; openspec/changes/add-flowith-web-desktop-mvp/proposal.md:10; docs/usage.md:1,文档中不得出现明文 token 示例（可用占位符或截断指纹）。; picked_reason:补齐面向用户的使用说明，降低误用 token/代理配置风险; validation_limited:文档性质，无自动化测试; manual_test:对照当前 UI/默认值检查文档一致性；随功能迭代同步更新; evidence:新增 docs/usage.md 覆盖导入/导出/Tabs/代理/连通性测试与必要 env; risk:low; done_at:2026-01-22
FWD-03-02,P1,3,infra,编写安全说明 docs/security.md（脱敏/导出风险/Linux 降级）,补齐安全说明：token 脱敏原则、导出风险提示、Linux safeStorage 不可用时的行为与限制。,`docs/security.md` documents token redaction policy and export risk; ref: openspec/changes/add-flowith-web-desktop-mvp/tasks.md:22; Documents Linux without safeStorage behavior (no token persistence); ref: openspec/changes/add-flowith-web-desktop-mvp/specs/accounts-vault/spec.md:43; Reinforces risk that tokens must not appear in logs/UI; ref: openspec/changes/add-flowith-web-desktop-mvp/proposal.md:51,MANUAL,审查安全文档：包含可执行的 Do/Don't，覆盖导入/导出/日志/降级策略；ref: openspec/changes/add-flowith-web-desktop-mvp/design.md:57,回归：新增功能不引入明文落盘/日志泄露；ref: openspec/project.md:48,已完成,已完成,已完成,已提交,,openspec/changes/add-flowith-web-desktop-mvp/tasks.md:22; openspec/changes/add-flowith-web-desktop-mvp/specs/accounts-vault/spec.md:40; openspec/changes/add-flowith-web-desktop-mvp/proposal.md:51; docs/security.md:1,安全文档是交付合同的一部分，需与实现保持一致。; picked_reason:安全文档是交付合同，需先固化 token 脱敏/导出风险/Linux 降级等硬约束; validation_limited:文档性质，无自动化测试; manual_test:核对实现是否满足 Do/Don't（导入/导出/日志/Linux 降级/代理凭据禁用）并随功能迭代同步更新; evidence:新增 docs/security.md 覆盖脱敏/导出风险/Linux safeStorage 降级/代理凭据校验; risk:low; done_at:2026-01-22
FWD-04-01,P1,4,infra,补齐 lint/typecheck 脚本并可复现运行,提供并验证 lint/typecheck 命令（覆盖 main/preload/renderer），作为最小质量门禁。,Project provides lint and typecheck commands and they pass; ref: openspec/changes/add-flowith-web-desktop-mvp/tasks.md:25; TypeScript strict conventions are enforced; ref: openspec/project.md:23,MANUAL,审查脚本：命令稳定、文档化、输出可读；ref: openspec/changes/add-flowith-web-desktop-mvp/tasks.md:25,回归：新增 main/preload API 不破坏 typecheck；ref: openspec/project.md:25,已完成,已完成,已完成,已提交,,openspec/changes/add-flowith-web-desktop-mvp/tasks.md:25; openspec/project.md:23; package.json:1; eslint.config.js:1; tsconfig.json:1,若后续接 CI，可把该命令作为必跑项。; picked_reason:先补齐 lint/typecheck 作为质量门禁，避免后续功能迭代引入隐性问题; validation_limited:lint/typecheck 仅验证本地命令可复现运行，未接入 CI; manual_test:npm run lint; npm run typecheck; evidence:npm run lint(OK); npm run typecheck(OK); TS strict 已启用; risk:low; done_at:2026-01-22
FWD-04-02,P1,4,infra,验证 dev 启动并完成冒烟,确保开发模式启动路径清晰可复现，并在 dev 态完成一次冒烟流程。,`dev` starts the desktop app and completes smoke checklist; ref: openspec/changes/add-flowith-web-desktop-mvp/tasks.md:26; Smoke steps align with validation plan; ref: openspec/changes/add-flowith-web-desktop-mvp/design.md:71,MANUAL,审查 dev runbook：命令、代理配置方式、常见报错定位；ref: openspec/changes/add-flowith-web-desktop-mvp/tasks.md:26,回归：每次改动 Workspace/proxy/login 注入后至少跑一次 dev smoke；ref: openspec/project.md:35,已完成,已完成,已完成,已提交,,openspec/changes/add-flowith-web-desktop-mvp/tasks.md:26; openspec/changes/add-flowith-web-desktop-mvp/design.md:71; package.json:7; docs/dev-runbook.md:16; docs/usage.md:5; src/main/accounts/vault.ts:108,执行时注意 token 脱敏，不要把 token 写入终端输出或日志文件。; picked_reason:补齐 dev runbook 并尝试在当前环境做最小 dev 启动验证，作为后续发布前必跑项; done_at:2026-01-22; evidence:npm run lint ok; npm run typecheck ok; npm test 21/21; npm run build ok; timeout 12s xvfb-run -a npm run dev started 且未见 Store ctor 报错; validation_limited:headless 下无法完成交互式 smoke 且 timeout 结束会触发 electron Failed to shutdown; manual_test:按 docs/dev-runbook.md 与 docs/smoke-checklist.md 执行; risk:low 修复 electron-store default export 兼容性与补文档
FWD-04-03,P1,4,infra,打包验证：Windows（+ 可选 Linux）可启动,至少验证 Windows 打包产物可启动；如条件允许再覆盖 Linux 打包可启动，并确认安全/加密降级行为符合预期。,Build artifact can start on Windows; ref: openspec/changes/add-flowith-web-desktop-mvp/tasks.md:27; Linux without safeStorage SHALL not persist tokens; ref: openspec/changes/add-flowith-web-desktop-mvp/specs/accounts-vault/spec.md:43; Security baseline remains enabled in packaged app; ref: openspec/project.md:29,MANUAL,审查打包配置：签名/权限/自动更新（如有）不引入额外风险；ref: openspec/project.md:48,回归：打包态 partition 隔离、代理/UA 应用、Linux 加密降级均按 spec 工作；ref: openspec/changes/add-flowith-web-desktop-mvp/specs/web-workspaces/spec.md:3,已完成,已完成,已完成,已提交,,openspec/changes/add-flowith-web-desktop-mvp/tasks.md:27; openspec/changes/add-flowith-web-desktop-mvp/specs/accounts-vault/spec.md:43; openspec/project.md:29; package.json:9; scripts/package-dir.mjs:1; docs/dev-runbook.md:31; docs/smoke-checklist.md:25; src/main/index.ts:12,Linux safeStorage 可用性不稳定，必须验证降级路径（不持久化 token）。; picked_reason:P1 发布前必做项，优先补齐打包脚本与验证指引; done_at:2026-01-22; evidence:npm run dist:linux 生成 dist/linux-unpacked; timeout 10s xvfb-run -a dist/linux-unpacked/flowith-web-account-manager 启动到 Electron 进程阶段; npm run lint ok; npm run typecheck ok; npm test 21/21; validation_limited:当前环境无法运行 Windows 产物 且 headless 下无法完成完整 smoke; manual_test:Windows 上执行 npm run dist:win 后运行 dist/win-unpacked*/flowith-web-account-manager.exe 并按 docs/smoke-checklist.md 完成; Linux 上执行 npm run dist:linux 后运行 dist/linux-unpacked*/flowith-web-account-manager 并按 docs/smoke-checklist.md 完成 并在 safeStorage 不可用主机验证 token 不落盘; risk:medium Windows 启动与 safeStorage 不可用场景需在目标机复测
FWD-01-13,P1,1,frontend,UI 优化：Topbar 响应式/本地化/A11y,优化 Workspace UI：Topbar 在小窗口宽度下不溢出并可换行；修复硬编码英文；改善键盘交互与敏感输入可视性。,WHEN window width reduces → THEN topbar controls remain accessible (wrap/no overlap); zh-CN locale shows localized labels for proxy/UA/connectivity status; Keyboard: SPACE on account checkbox toggles selection only (does not open inspector); Import textarea is blurred when not focused to reduce shoulder-surfing while keeping edit usable,MANUAL,审查 UI：无溢出遮挡；本地化无硬编码英文；键盘可操作且不会误触；导入/导出 token 仍满足脱敏约束,回归：导入/导出/批量打开/代理保存/连通性弹层/Inspector 仍可用；窗口 resize 与 sidebar 折叠/Inspector 开关不影响 BrowserView bounds,已完成,已完成,已完成,已提交,,src/renderer/src/WorkspaceShell.tsx:799; src/renderer/src/WorkspaceShell.tsx:1012; src/renderer/src/WorkspaceShell.tsx:1134; src/renderer/src/WorkspaceShell.tsx:1384; src/renderer/src/styles.css:251; src/renderer/src/styles.css:188,picked_reason:根据实机截图与 UI review 结果进行可用性与一致性优化; done_at:2026-01-22; evidence:topbar 支持 wrap 且输入框宽度可伸缩; proxy/UA/connectivity 文案本地化; 键盘 Space 不会误触打开详情; 导入 textarea 非聚焦状态模糊显示; npm run lint ok; npm run typecheck ok; npm test 21/21; npm run build ok; validation_limited:当前环境无法进行真实桌面交互式 UI 冒烟; manual_test:缩小窗口宽度检查顶栏控件可见且不遮挡；切换 zh-CN/en 验证 System/Custom/Direct 与 OK/FAIL 与 UA mode 均随语言切换；用键盘聚焦账号 checkbox 按 Space 仅切换勾选不打开 Inspector；打开导入对话框后 textarea 非聚焦为模糊 聚焦后可编辑; risk:low 仅 UI 文案/CSS 与事件处理调整
FWD-01-14,P1,1,frontend,UI 回归修复：Topbar 布局/侧边栏折叠溢出/禁用态提示,继续修复 UI 回归：侧边栏折叠后展开入口不应跑到 Topbar；默认窗口与中英文切换下 Topbar 不应错位/遮挡；代理模式下拉应可交互，并在未选择账号时给出清晰提示。,WHEN sidebarCollapsed=true → THEN expand/collapse toggle stays inside the left sidebar header (not moved to topbar) and no sidebar controls overflow into workspace/tabs; WHEN default window (1280x800) → THEN topbar layout is stable (no overlap/misalignment) in zh-CN/en and light/dark; WHEN switching locale zh-CN↔en → THEN layout stays stable (no control jumping); WHEN no focused account → THEN proxy mode select remains interactive but Save/Connectivity are disabled with a clear hint; WHEN an account is focused → THEN proxy mode select is interactive and can change mode and Save persists,MANUAL,审查 UI：1) 侧边栏折叠后展开按钮仍在左侧账号栏区域且可点击 2) 顶栏在 1280x800 下中英文/深浅色切换不遮挡不重叠 3) 代理模式下拉可切换 未选账号时保存/连通性禁用且提示清晰,回归：导入/导出/批量打开/连通性弹层/Inspector 不受影响；窗口 resize 与 sidebar 折叠/Inspector 开关不影响 BrowserView bounds,已完成,已完成,已完成,已提交,,src/renderer/src/WorkspaceShell.tsx:801; src/renderer/src/WorkspaceShell.tsx:815; src/renderer/src/WorkspaceShell.tsx:953; src/renderer/src/styles.css:263; src/renderer/src/styles.css:315; src/renderer/src/styles.css:423,picked_reason:用户提供实机截图显示 UI 关键回归，需要优先修复以恢复可用性; done_at:2026-01-22; evidence:sidebar 折叠时隐藏 header-right 防止按钮溢出; topbar 右侧分组可伸缩并右对齐 减少随机换行错位; disabled 控件增加明显样式并增加提示 title; npm run lint ok; npm run typecheck ok; npm test 21/21; npm run build ok; validation_limited:当前环境无法进行真实桌面交互式 UI 冒烟（仅能静态/构建级验证）; manual_test:侧边栏折叠/展开观察是否仍有按钮漂移到 Tab 区；无账号时代理下拉应为禁用且 hover 显示提示 选择账号后可切换；切换 zh-CN/en 与深色/浅色观察顶栏不再错位; risk:low 仅 CSS/文案/禁用态提示调整; reopen_at:2026-01-22; picked_reason:用户新增实机截图显示仍未满足验收（折叠展开入口跑到顶栏/顶栏错位/代理下拉不可用），需继续修复; done_at:2026-01-22; evidence:折叠展开入口保持在左侧 sidebar header（不再跑到 topbar）；topbar 改为 grid 两行布局避免遮挡/错位；未选账号时代理模式下拉可切换 且保存/连通性禁用并显示提示; npm run lint ok; npm run typecheck ok; npm test 21/21; npm run build ok; validation_limited:当前环境无法进行真实桌面交互式 UI 冒烟（仅能静态/构建级验证）; manual_test:默认窗口(1280x800)下折叠/展开侧边栏确认展开按钮仍在左侧；切换 zh-CN/en 与 light/dark 顶栏控件不重叠不漂移；未选账号时代理模式下拉可切换且提示可见 保存/连通性禁用；选中账号后可切换代理模式并点击保存 刷新后账号 chip 文案同步; risk:low CSS/布局与禁用态交互调整
FWD-01-15,P1,1,frontend,UI 设计审查与优化：Topbar 精简/网络设置归位,引入 Gemini 对当前 Workspace UI 做设计审查，并据此优化界面设计：减少 Topbar 拥挤与错位；统一信息层级与交互；将 per-account 的 Proxy/Connectivity 控件从 Topbar 迁移到 Inspector（与 UA 同区域），并保证 1280x800 + 中英文切换 + 深浅色 + resize 下布局稳定。,"WHEN default window (1280x800) AND locale=zh-CN/en AND theme=light/dark → THEN topbar layout is stable (no overlap/misalignment) and all actions remain reachable; WHEN switching locale zh-CN↔en → THEN layout remains stable (no control jumping); WHEN sidebarCollapsed toggles → THEN expand/collapse toggle stays inside left sidebar header and no sidebar controls overflow into workspace/tabs; WHEN an account is focused → THEN Proxy/Connectivity controls appear in Inspector under a Network section (proxy mode select, custom rules input, Save, Connectivity popover) and proxy settings persist per-account; WHEN no account is focused → THEN Network section shows a clear hint and Save/Connectivity are not actionable; BrowserView bounds remain correct after resize/topbar changes",MANUAL,Gemini 参与审查：1) 信息架构（Topbar vs Inspector）合理 2) 控件分组/间距/对齐一致 3) 中英文与深浅色下无遮挡与错位 4) per-account 设置（Proxy/UA）归位且提示清晰,回归：导入/导出/批量打开/代理保存/连通性弹层/Inspector 不受影响；窗口 resize 与 sidebar 折叠/Inspector 开关不影响 BrowserView bounds,已完成,已完成,已完成,已提交,,src/renderer/src/WorkspaceShell.tsx:807; src/renderer/src/WorkspaceShell.tsx:1227; src/renderer/src/styles.css:263; src/renderer/src/styles.css:401; src/renderer/src/styles.css:825,picked_reason:用户反馈 UI 体验仍差且布局频繁错位，需要系统性审查与最小可落地优化（Gemini Review）; started_at:2026-01-22; done_at:2026-01-22; evidence:Topbar 精简为全局操作区（移除 Proxy/Connectivity）；Proxy/Connectivity 迁移到 Inspector 的 Network 分区并复用 setting-row 布局；Topbar 右侧组启用 overflow-x 防止中英文切换导致挤压错位；sidebar 折叠态按钮右对齐保持空间一致; gemini_session:eec16052-bff5-4e3a-b869-816717d2bcc9; gemini_review:PASS; npm run lint ok; npm run typecheck ok; npm test 21/21; npm run build ok; validation_limited:当前环境无法进行真实桌面交互式 UI 冒烟（仅能静态/构建级验证）; manual_test:默认窗口(1280x800)下检查 Topbar 不再包含 Proxy/Connectivity 且控件无重叠；切换 zh-CN/en 与 light/dark 顶栏不跳动；折叠/展开 sidebar 确认按钮始终在左侧 header 内且不漂移；选择账号后 Inspector 出现 Network 分区 可切换代理模式 custom 时可编辑代理地址 点击保存生效；连通性测试弹层/面板可正常展开且不遮挡; risk:low UI 结构调整（控件迁移）与 CSS 对齐优化
FWD-01-16,P1,1,frontend,UI 修复：Topbar 点击后出现滚动条,修复 Topbar 右侧操作组在点击（如“刷新”）后出现滚动条的 UI 问题，确保 1280x800 下无异常滚动条闪现且聚焦样式不引发布局抖动。,WHEN clicking any topbar control (e.g. Refresh/Import/Language/Theme/Search) → THEN no scrollbars appear in the topbar area; Topbar remains stable at 1280x800 in zh-CN/en and light/dark; Focus-visible styles remain accessible (keyboard) without causing layout overflow,MANUAL,审查 UI：1) 点击/键盘聚焦顶栏按钮与输入框不会出现滚动条 2) focus 样式可见且不造成溢出 3) 中英文/深浅色下顶栏不跳动,回归：窗口 resize 与 sidebar 折叠/Inspector 开关不影响 BrowserView bounds；顶栏所有按钮仍可用,已完成,已完成,已完成,已提交,,src/renderer/src/styles.css:263; src/renderer/src/styles.css:310; src/renderer/src/styles.css:129,picked_reason:用户实机点击刷新后出现滚动条影响观感与可用性; started_at:2026-01-22; done_at:2026-01-22; evidence:移除 topbar 右侧组的 overflow-x 滚动容器，改为 flex-wrap 自动换行，点击/聚焦不再触发滚动条; npm run lint ok; validation_limited:当前环境无法进行真实桌面交互式 UI 验证（仅能静态/CSS 级确认）; manual_test:在默认窗口(1280x800)下连续点击‘刷新/导入/语言/主题/搜索框’确认顶栏不出现滚动条；用键盘 Tab 聚焦到顶栏按钮/下拉，focus 样式可见且无滚动条闪现; risk:low 仅 CSS 布局属性调整
FWD-03-05,P1,3,desktop,桌面：BrowserView 右键菜单（刷新）,在 Workspace 的 BrowserView（Flowith Web 页面）内实现右键菜单，至少包含“刷新页面/Reload”动作（调用当前 tab 的 webContents.reload）。,WHEN right-click inside an opened Flowith Web tab (BrowserView) → THEN a context menu appears with at least a Reload item; Selecting Reload reloads the current tab without affecting other tabs; No sensitive data (tokens) is logged or exposed via menu,MANUAL,审查实现：1) 仅对 BrowserView 生效（不是整个窗口） 2) Reload 只作用于当前 tab 3) 不引入外部依赖 4) 不记录敏感信息,回归：openTab/closeTab/activateTab/viewport bounds 逻辑不受影响；代理/UA 应用仍工作,已完成,已完成,已完成,已提交,,src/main/workspace/WebWorkspaceService.ts:122,picked_reason:用户期望与网页一致的右键刷新入口，提升可用性; started_at:2026-01-22; done_at:2026-01-22; evidence:BrowserView webContents 监听 context-menu 事件并弹出包含 Reload 的右键菜单，Reload 仅作用于当前 tab 的 webContents; npm run typecheck ok; npm run build ok; validation_limited:当前环境无法进行真实桌面交互式右键菜单验证（仅能代码级实现与构建验证）; manual_test:打开任意账号 Tab 后在页面内右键应出现菜单，点击 Reload 页面刷新（可观察页面重新加载/网络请求）；切换到其他 Tab 不应被影响; risk:low 仅新增 BrowserView context-menu 菜单
FWD-01-17,P1,1,desktop,桌面：自绘制标题栏 + 左上角 Logo,将应用顶部标题栏改为自绘制（自定义标题栏/窗口控件），并在左上角使用用户提供的 Logo（深色/浅色各一份，分别对应 Image #2/#3）。,"Window uses a custom-drawn title bar area with draggable region and window controls (minimize/maximize/close) on Windows; Top-left app logo uses provided assets and switches correctly between light/dark; No loss of functionality: shortcuts, resizing, and existing topbar controls still work; App remains buildable and starts",MANUAL,审查：1) draggable region 正确（不影响按钮点击） 2) 窗口控制按钮行为正确 3) 深浅色 logo 切换正确 4) 不引入新依赖,回归：BrowserView viewport bounds 仍正确；主窗口关闭/托盘（如有）行为不回退；mac/linux 不应崩溃（可降级）,已完成,已完成,已完成,已提交,,src/main/index.ts:7; src/main/ipc.ts:115; src/preload/index.ts:16; src/shared/ipc.ts:96; src/main/workspace/WebWorkspaceService.ts:148; src/renderer/src/WorkspaceShell.tsx:853; src/renderer/src/styles.css:263; src/renderer/src/assets/logo-on-light.png:1; src/renderer/src/assets/logo-on-dark.png:1,picked_reason:用户明确要求自绘制标题栏与品牌 logo，属于桌面端体验关键项; started_at:2026-01-22; done_at:2026-01-22; evidence:Windows 下主窗口启用 frameless(frame:false) 并在 Topbar 区域配置 drag/no-drag 与窗口控制 IPC；左上角 Logo 随主题切换（light/dark）；BrowserView 未收到 viewport bounds 前默认 0x0 避免覆盖 UI 导致控件不可点击；Topbar/Sidebar/Header 样式收敛以降低 1280x800 下错位风险; gemini_session:9c54500b-171b-4031-8671-488ab0aba3df; gemini_review:PASS; npm run lint ok; npm run typecheck ok; npm test 21/21; npm run build ok; validation_limited:当前环境无法启动真实 Electron 窗口进行交互式验证; manual_test:npm run dev 后在 Windows 下验证：标题栏可拖拽且按钮可点击（最小化/最大化/关闭）；切换 light/dark Logo 正确；折叠/展开账号栏按钮仍在左侧 sidebar header；代理模式下拉可切换并可保存；点击顶栏刷新不出现异常滚动条；BrowserView 不遮挡 Topbar/Sidebar/Inspector; risk:medium 仍需实机完成一次 UI 冒烟
FWD-01-18,P1,1,frontend,UI 调整：批量打开移至账号列表 + 顶栏设置入口,将顶栏“批量打开（Tab）”移至左侧账号列表上方（与选择与批量操作同区域）并在顶栏放置设置入口以收纳语言/主题等全局偏好减少顶栏拥挤。,WHEN default window (1280x800) → THEN topbar no longer shows Batch open and provides a Settings entry；WHEN opening Settings → THEN language/theme controls are available and changing them updates UI immediately；WHEN selecting one or more accounts → THEN batch actions (open/close/export) are reachable above the account list without scrolling and behave the same as before；WHEN locale switches zh-CN↔en AND theme switches light/dark → THEN layout remains stable (no overlap/misalignment) and all controls remain clickable,MANUAL,审查：1) 顶栏移除 Batch open 且新增 Settings 入口 2) Settings 内语言/主题可切换并即时生效 3) 批量操作区移动到账号列表上方且无需滚动即可触达 4) 1280x800 下中英文与深浅色无错位遮挡,回归：导入/导出/刷新/搜索/侧边栏折叠/Inspector/BrowserView bounds 行为不回退；窗口拖拽区域与窗口控制按钮仍可用,已完成,已完成,已完成,已提交,,src/renderer/src/WorkspaceShell.tsx:875; src/renderer/src/WorkspaceShell.tsx:916; src/renderer/src/WorkspaceShell.tsx:1033; src/renderer/src/styles.css:263; src/renderer/src/styles.css:362,created_from_user_feedback:move batch open near accounts list and add settings entry in topbar; picked_reason:先把顶栏瘦身并提供 Settings 入口以承载后续下载设置同时把批量打开归位到账号列表区域提升可发现性; started_at:2026-01-22; done_at:2026-01-22; evidence:顶栏移除 Batch open 并新增 Settings 按钮将语言/主题切换收纳到弹层；批量打开按钮移动到账号列表上方（选中计数旁）提升可达性; npm run lint ok; npm run typecheck ok; npm test 21/21; npm run build ok; manual_test:npm run dev 后在 1280x800 下检查顶栏无 Batch open 且 Settings 可展开切换语言/主题并即时生效；选择多个账号后可在账号列表上方点击批量打开; risk:low 纯 UI 布局调整
FWD-03-06,P1,3,both,桌面：下载管理（默认每次另存为）,为 BrowserView 内的下载提供可控的下载管理能力并提供保存策略设置默认每次另存为同时支持自动保存到 Downloads 或指定目录。,WHEN clicking a download link inside a Flowith Web tab → THEN a Save As dialog is shown by default (every time) and chosen path is used；WHEN download starts/in-progress/completes/fails → THEN UI shows a non-modal notification with progress and completion state；WHEN clicking Show in folder/Open/Cancel → THEN action works and does not expose tokens；WHEN switching accounts/tabs during download → THEN download continues and status remains visible；WHEN changing download save mode (Save As / Auto Downloads / Auto Custom Dir) → THEN subsequent downloads follow the mode and the choice persists after restart,MANUAL,审查：1) per-partition session 监听 will-download 且不会重复注册 2) 默认模式为每次另存为 3) 进度事件节流避免 UI 卡顿 4) 不记录敏感信息且不向 renderer 默认暴露绝对路径（仅在用户显式操作如复制路径时） 5) Show in folder/Open/Cancel 可用,回归：BrowserView 导航限制/右键 Reload/viewport bounds/openTab/closeTab/代理/UA 注入不受影响；Windows 自绘制标题栏交互不回退,已完成,已完成,已完成,已提交,,src/main/workspace/WebWorkspaceService.ts:81; src/preload/index.ts:8; src/renderer/src/WorkspaceShell.tsx:875; src/main/downloads/service.ts:110; src/main/ipc.ts:130; src/main/workspace/WebWorkspaceService.ts:95; src/renderer/src/WorkspaceShell.tsx:1745,created_from_user_feedback:need download management + save mode default Save As; picked_reason:下载是高频桌面行为且必须可控默认另存为与可见进度能显著提升可用性; started_at:2026-01-22; done_at:2026-01-22; evidence:lint ok; typecheck ok; vitest ok; build ok; validation_limited:no GUI runtime to trigger Flowith in-app download; manual_test:npm run dev -> 打开任一账号 Tab -> 在页面触发下载 -> 默认弹出 Save As -> 观察右下角下载 toast 进度/完成；测试 Cancel/Show in folder/Open/Copy path；切换账号/Tab 期间下载不中断; risk:medium Electron will-download/savePath 行为需实机验证
FWD-01-19,P0,1,both,UI 修复：布局错位/点击无响应（折叠按钮/代理切换/i18n）,修复默认窗口尺寸下顶栏与侧边栏控件错位、账号列表折叠后展开按钮疑似漂移到顶栏、以及 BrowserView 覆盖导致 Inspector 区域（如代理模式“系统/自定义/直连”）无法点击切换的问题；确保中英文切换不再引发布局错位。,WHEN window is 1280x800 AND sidebar collapsed/expanded → THEN the collapse/expand toggle stays inside left sidebar header (not overlapping topbar) and remains clickable; WHEN toggling inspector open/close OR switching locale zh-CN↔en OR resizing window → THEN BrowserView viewport bounds updates immediately and never covers Topbar/Sidebar/Inspector controls; WHEN clicking proxy mode select (System/Custom/Direct) → THEN the selection changes and Save works; WHEN clicking topbar actions (Import/Export/Refresh/Settings) → THEN layout stays stable (no overlap/misalignment),MANUAL,审查：1) viewport bounds 更新触发点覆盖 topbar 高度变化/侧栏折叠/Inspector 开关/i18n 变化 2) BrowserView 不覆盖 UI（可点击） 3) CSS/布局不引入新的 overflow/滚动条 4) 变更保持 KISS（不引入新架构/依赖）,回归：导入/导出/刷新/搜索/下载 toast/设置弹层/窗口控制/右键 Reload/代理&UA 保存/openTab/closeTab 行为不回退,已完成,已完成,已完成,已提交,,src/renderer/src/WorkspaceShell.tsx:660; src/renderer/src/WorkspaceShell.tsx:1246; src/main/workspace/WebWorkspaceService.ts:82; src/renderer/src/WorkspaceShell.tsx:672; src/renderer/src/styles.css:263,created_from_user_feedback:layout misalignment + unclickable proxy + sidebar toggle drift; picked_reason:当前用户反馈为阻断级 UI 可用性问题需优先修复并确保 BrowserView 不遮挡交互; started_at:2026-01-22; done_at:2026-01-22; gemini_session:f1b4c300-e942-41d1-9895-0589113f68f8; evidence:lint ok; typecheck ok; vitest ok; build ok; force pushViewportBounds on layout-affecting state + topbar nowrap/fixed height; validation_limited:no GUI runtime to visually confirm layout/click issues; manual_test:npm run dev -> 1280x800 下折叠/展开 sidebar 按钮应始终在左侧且可点；切换 zh-CN/en 后顶栏与侧栏不应错位；打开任一账号 Tab 后 Inspector 的代理模式下拉可切换并保存；任意时刻 BrowserView 不应覆盖顶栏/侧栏/Inspector（点击均可用）; risk:medium 需实机验证 BrowserView bounds 仍无覆盖与点击穿透问题
FWD-01-20,P1,1,frontend,UI：突出色从紫色改为灰色,将 UI 的主强调色（按钮/焦点环/选中描边等）从紫色调整为灰色系，以降低视觉侵略性并保持整体克制风格。,"WHEN rendering UI in dark/light themes → THEN primary buttons, focus rings, selection highlights and other accent usages use gray (no purple remains); WHEN switching zh-CN/en → THEN no layout regression; App still builds",MANUAL,审查：1) CSS accent 变量与硬编码紫色均替换为灰色/变量化 2) 深浅色下对比度可读（按钮文字/焦点环） 3) 不引入无关重构,回归：导入/导出/刷新/设置/下载 toast/窗口控制/BrowserView viewport bounds 行为不受影响,已完成,已完成,已完成,已提交,,src/renderer/src/styles.css:1; src/renderer/src/styles.css:21,created_from_user_feedback:accent color to gray; picked_reason:用户明确反馈主突出色应更克制，优先级高于细枝末节 UI 调整; started_at:2026-01-23; done_at:2026-01-23; evidence:lint ok; typecheck ok; vitest ok; build ok; removed purple accent and switched to gray palette; validation_limited:no GUI runtime to visually confirm accent color; manual_test:npm run dev -> 观察主按钮/焦点环/选中态/背景光晕不再是紫色而为灰色；切换 light/dark 与 zh-CN/en 观察无异常; risk:low 仅 CSS 色值调整
FWD-01-21,P1,3,desktop,桌面：应用图标 logo,为桌面应用设置窗口/任务栏图标，并确保 dist 打包目录包含图标资源（使用现有 TrayIcon.png/TrayIconLight.png）。,WHEN running the app on Windows/Linux → THEN window/taskbar uses the provided app icon (not the default Electron icon); WHEN packaging via npm run dist:win or dist:linux → THEN icon files are included and icon path resolves in packaged runtime; Build remains green,MANUAL,审查：1) BrowserWindow icon 路径在 dev/packaged 都可解析（有 exists 检查与降级） 2) 不引入新依赖 3) 不影响 frameless 标题栏与窗口控制 4) dist 打包脚本会拷贝 icon 文件,回归：openTab/viewport bounds/下载/右键菜单/设置/窗口控制均不回退；npm run build 仍通过,已完成,已完成,已完成,已提交,,src/main/index.ts:1; scripts/package-dir.mjs:1; src/main/index.ts:8; scripts/package-dir.mjs:92; TrayIcon.png:1; TrayIconLight.png:1,created_from_user_feedback:add app icon; picked_reason:用户明确要求应用级图标以替换默认 Electron icon 提升品牌一致性; started_at:2026-01-23; done_at:2026-01-23; evidence:lint ok; typecheck ok; vitest ok; build ok; BrowserWindow icon resolves in dev/packaged; dist script copies icon files; validation_limited:no GUI runtime to visually confirm taskbar/window icon; manual_test:npm run dev -> 检查任务栏/Alt-Tab/窗口图标是否为 TrayIcon（不应为默认 Electron）；npm run dist:win 或 dist:linux 后启动 dist/*-unpacked/flowith-web-account-manager(或 .exe) 检查图标仍正确; risk:medium Windows 上 taskbar icon 表现依赖 Electron/系统行为需实机确认
FWD-01-22,P1,3,desktop,桌面：深色主题使用浅色应用图标,修复深色模式下应用图标显示为黑色导致对比度过低的问题：根据系统深浅色（nativeTheme）选择合适的 TrayIcon/TrayIconLight 作为 BrowserWindow icon。,WHEN system is in dark mode → THEN window/taskbar icon uses the light icon variant (visible on dark background); WHEN system is in light mode → THEN icon uses the dark icon variant; Build remains green,MANUAL,审查：1) icon 选择逻辑基于 nativeTheme.shouldUseDarkColors 且有 exists/isEmpty 校验 2) dev/packaged 路径均可解析 3) 不影响自绘制标题栏与窗口控制,回归：openTab/下载/设置/窗口控制等不受影响；npm run build 通过,已完成,已完成,已完成,已提交,,src/main/index.ts:8; TrayIcon.png:1; TrayIconLight.png:1; src/main/index.ts:31,created_from_user_feedback:dark theme shows black icon; picked_reason:深色模式图标对比度不足属于桌面可用性/观感问题需修复; started_at:2026-01-23; done_at:2026-01-23; evidence:lint ok; typecheck ok; vitest ok; build ok; choose lighter/darker icon by nativeTheme + image luminance; validation_limited:no GUI runtime to visually confirm taskbar icon contrast; manual_test:切换系统深浅色（Windows 设置）后分别启动应用，检查任务栏/Alt-Tab 图标在深色背景下为浅色、浅色背景下为深色；若系统主题切换不方便，可分别在两种系统主题下启动确认; risk:medium 任务栏图标显示受 Windows/Electron 行为影响需实机确认
FWD-05-01,P0,5,frontend,UI 回归修复：Topbar/Sidebar/Inspector 稳定布局,修复默认窗口尺寸下顶栏/侧边栏/Inspector 控件错位与溢出；确保账号列表折叠后“展开”控件仍位于左侧账号栏区域（不跑到顶栏）；并确保中英文切换不引发布局错位且 Inspector 代理模式选择始终可点击。,"GIVEN window size is 1280x800 → WHEN toggling sidebar collapsed/expanded → THEN expand/collapse control stays inside the left sidebar header area (not moving into Topbar) and remains clickable; WHEN switching locale zh-CN↔en and theme dark↔light → THEN Topbar remains single-line (no wrap/overlap) and no unexpected scrollbars appear; WHEN a Web tab is active AND Inspector is open → THEN proxy mode select (System/Custom/Direct) is clickable and changes selection and Save works; WHEN resizing window → THEN BrowserView viewport bounds update immediately and never cover Topbar/Sidebar/Inspector controls",MANUAL,审查：1) 布局变更保持 KISS（不引入新依赖/新架构） 2) topbar/side/inspector 的 overflow 处理正确且不会产生整体滚动条 3) viewport bounds 仍由 ResizeObserver 驱动并覆盖 i18n/折叠/Inspector 开关等状态变化,回归：导入/导出/搜索/打开/关闭 Tab/下载 toast/右键 Reload/窗口控制不回退,已完成,已完成,已完成,已提交,,src/renderer/src/WorkspaceShell.tsx:660; src/renderer/src/WorkspaceShell.tsx:1081; src/renderer/src/WorkspaceShell.tsx:1246; src/renderer/src/styles.css:263; src/renderer/src/styles.css:686,created_from_user_feedback:reported layout misalignment + sidebar toggle drift + unclickable inspector (proxy select) + i18n layout shift; picked_reason:P0 且用户反馈为阻断级可用性问题（布局错位/点击无响应）需优先修复; started_at:2026-01-23; done_at:2026-01-23; gemini_session:8a6762d4-76f6-46f5-bc21-9a8397800b24; evidence:npm run lint ok; npm run typecheck ok; npm test 21/21; npm run build ok; changed viewport bounds rounding to floor to reduce BrowserView overlap risk; adjusted topbar search flex and hid vertical overflow for tabs; swapped brand logo variant for dark theme; validation_limited:headless 环境无法视觉验证 UI 对齐/按钮位置/Logo 对比度; manual_test:npm run dev -> 1280x800 下折叠/展开 sidebar 按钮始终在左侧账号栏区域且可点；切换 zh-CN/en 后顶栏不换行不遮挡；打开 Tab 后 Inspector 的 proxy mode 可切换并保存；点击“刷新当前 Tab”不应出现 tabs 垂直滚动条; risk:medium 需在 Windows/macOS/Linux 实机确认 frameless 标题栏与 BrowserView bounds 仍不覆盖交互
FWD-05-02,P1,5,both,WebView：刷新不引入滚动条 + 右键菜单（页面刷新）,修复点击“刷新当前 Tab”（BrowserView reload）后 UI 出现滚动条的问题（尤其 Tabs 区域）；并补齐 Flowith Web 标签页内右键菜单项“页面刷新”（CmdOrCtrl+R）用于刷新当前页面。,"WHEN clicking \"刷新当前 Tab\" OR triggering right-click menu \"页面刷新\" → THEN BrowserView reloads and the app UI does not gain unexpected scrollbars (Tabs area has no vertical scrollbar); WHEN right-clicking inside a Flowith Web tab → THEN context menu contains \"页面刷新\" and it works; Security hardening (openExternal for untrusted) remains enabled",MANUAL,审查：1) Tabs overflow 只允许 X 方向滚动，Y 方向必须隐藏 2) context-menu 不引入敏感信息暴露且不放宽 trusted URL 策略 3) reload 在无 active view 时安全无副作用,回归：downloads will-download/保存策略/viewport bounds/代理/UA 注入不回退；菜单在不同页面区域（输入框/空白）均不崩溃,未开始,未开始,未开始,未提交,,src/renderer/src/WorkspaceShell.tsx:1031; src/renderer/src/styles.css:686; src/main/workspace/WebWorkspaceService.ts:101,created_from_user_feedback:refresh causes scrollbar + need in-page right-click refresh
FWD-05-03,P2,5,docs,Docs：对齐 Issue CSV schema / Testing Policy / MCP 工具清单,修正/补齐文档以与当前仓库实际 Issue CSV 表头与可用工具一致（或明确标注为环境快照+生成方式），避免贡献者按错误字段/工具名执行流程。,"docs/issues/README.md 与 docs/testing-policy.md 使用与 issues/*.csv 一致的字段名（id,priority,phase,area,title,description,acceptance_criteria,test_mcp,review_initial_requirements,review_regression_requirements,dev_state,review_initial_state,review_regression_state,git_state,owner,refs,notes）；docs/mcp-tools.md 反映当前可用 MCP server/tool 名称（或声明为快照并给出再生成命令/日期）",MANUAL,审查：1) 文档字段名与实际 CSV schema 一致 2) 不虚构 MCP 工具清单与 tool 名称 3) 说明生成方式/适用范围,回归：不影响任何运行时代码/脚本；仅文档变更,未开始,未开始,未开始,未提交,,issues/2026-01-22_09-46-47-add-flowith-web-desktop-mvp.csv:1; issues/README.md:1; docs/testing-policy.md:1; docs/mcp-tools.md:1,created_from_review_feedback:reviewer flagged docs schema/tool mismatch
